{
  "pools": [
    {
      "rolls": 1,
      "entries": [
        {
          "type": "item",
          "name": "minecraft:emerald",
          "weight": 125,
          "functions": [
            {
              "function": "set_count",
              "count": {
                "min": 1,
                "max": 3
              }
            }
          ]
        },
        {
          "type": "item",
          "name": "minecraft:arrow",
          "weight": 100,
          "functions": [
            {
              "function": "set_count",
              "count": {
                "min": 2,
                "max": 8
              }
            }
          ]
        },
        {
          "type": "item",
          "name": "minecraft:iron_ingot",
          "weight": 100,
          "functions": [
            {
              "function": "set_count",
              "count": {
                "min": 1,
                "max": 2
              }
            }
          ]
        },
        {
          "type": "item",
          "name": "minecraft:trial_key",
          "weight": 10,
          "functions": [
            {
              "function": "set_count",
              "count": 1.0
            }
          ]
        },
        {
          "type": "item",
          "name": "minecraft:music_disc_creator_music_box",
          "weight": 5
        },
        {
          "type": "item",
          "name": "minecraft:diamond",
          "weight": 5,
          "functions": [
            {
              "function": "set_count",
              "count": {
                "min": 1,
                "max": 2
              }
            }
          ]
        },
        {
          "type": "item",
          "name": "minecraft:emerald_block",
          "weight": 5,
          "functions": [
            {
              "function": "set_count",
              "count": 1.0
            }
          ]
        },
        {
          "type": "item",
          "name": "minecraft:diamond_block",
          "weight": 1,
          "functions": [
            {
              "function": "set_count",
              "count": 1.0
            }
          ]
        }
      ]
    }
  ]
}