{
  "format_version": "1.21.0",
  "minecraft:entity": {
    "description": {
      "identifier": "minecraft:wind_charge_projectile",
      "is_spawnable": false,
      "is_summonable": false
    },
    "components": {
      "minecraft:wind_burst": {
        "radius": 1.2,
        "particle_effect": "wind_burst",
        "sound_effect": "wind_charge.burst",
        "knockback_scaling": 1.1
      },
      "minecraft:collision_box": {
        "width": 0.3125,
        "height": 0.3125
      },
      "minecraft:projectile": {
        "on_hit": {
          "impact_damage": {
            "damage": 1,
            "knockback": true
          },
          "remove_on_hit": {}
        },
        "power": 1.0,
        "gravity": 0.00,
        "inertia": 1.0,
        "liquid_inertia": 1.0,
        "uncertainty_base": 1.0,
        "uncertainty_multiplier": 0.0,
        "reflect_on_hurt": true,
        "multiple_targets": false,
        "ignored_entities": [
          "ender_crystal",
          "wind_charge_projectile",
          "breeze_wind_charge_projectile"
        ]
      },
      "minecraft:physics": {
      },
      "minecraft:pushable": {
        "is_pushable": false,
        "is_pushable_by_piston": true
      },
      "minecraft:conditional_bandwidth_optimization": {
        "default_values": {
          "max_optimized_distance": 80.0,
          "max_dropped_ticks": 7,
          "use_motion_prediction_hints": true
        }
      },
      "minecraft:type_family": {
        "family": ["wind_charge", "wind_charge_projectile"]
      }
    }
  }
}
