{
  "pools": [
    {
      "rolls": 1,
      "entries": [
        {
          "type": "item",
          "name": "minecraft:lingering_potion",
          "weight": 1,
          "aux_val": 43,
          "functions": [
            {
              "function": "set_count",
              "count": 1.0
            },
            {
              "function": "set_data",
              "data": 43
            }
          ]
        },
        {
          "type": "item",
          "name": "minecraft:lingering_potion",
          "weight": 1,
          "aux_val": 45,
          "functions": [
            {
              "function": "set_count",
              "count": 1.0
            },
            {
              "function": "set_data",
              "data": 45
            }
          ]
        },
        {
          "type": "item",
          "name": "minecraft:lingering_potion",
          "weight": 1,
          "aux_val": 44,
          "functions": [
            {
              "function": "set_count",
              "count": 1.0
            },
            {
              "function": "set_data",
              "data": 44
            }
          ]
        },
        {
          "type": "item",
          "name": "minecraft:lingering_potion",
          "weight": 1,
          "aux_val": 46,
          "functions": [
            {
              "function": "set_count",
              "count": 1.0
            },
            {
              "function": "set_data",
              "data": 46
            }
          ]
        },
        {
          "type": "item",
          "name": "minecraft:lingering_potion",
          "weight": 1,
          "aux_val": 31,
          "functions": [
            {
              "function": "set_count",
              "count": 1.0
            },
            {
              "function": "set_data",
              "data": 31
            }
          ]
        },
        {
          "type": "item",
          "name": "minecraft:lingering_potion",
          "weight": 1,
          "aux_val": 14,
          "functions": [
            {
              "function": "set_count",
              "count": 1.0
            },
            {
              "function": "set_data",
              "data": 14
            }
          ]
        },
        {
          "type": "item",
          "name": "minecraft:lingering_potion",
          "weight": 1,
          "aux_val": 40,
          "functions": [
            {
              "function": "set_count",
              "count": 1.0
            },
            {
              "function": "set_data",
              "data": 40
            }
          ]
        }
      ]
    },
    {
      "rolls": 1,
      "entries": [
        {
          "type": "item",
          "name": "minecraft:arrow",
          "weight": 1,
          "functions": [
            {
              "function": "set_count",
              "count": 1.0
            }
          ]
        },
        {
          "type": "item",
          "name": "minecraft:arrow",
          "weight": 1,
          "aux_val": 26,
          "functions": [
            {
              "function": "set_count",
              "count": 1.0
            },
            {
              "function": "set_data",
              "data": 26
            }
          ]
        },
        {
          "type": "item",
          "name": "minecraft:arrow",
          "weight": 1,
          "aux_val": 43,
          "functions": [
            {
              "function": "set_count",
              "count": 1.0
            },
            {
              "function": "set_data",
              "data": 43
            }
          ]
        },
        {
          "type": "item",
          "name": "minecraft:fire_charge",
          "weight": 1,
          "functions": [
            {
              "function": "set_count",
              "count": {
                "min": 1,
                "max": 3
              }
            }
          ]
        },
        {
          "type": "item",
          "name": "minecraft:wind_charge",
          "weight": 1,
          "functions": [
            {
              "function": "set_count",
              "count": {
                "min": 1,
                "max": 3
              }
            }
          ]
        }
      ]
    }
  ]
}