{
  "format_version": "1.20.50",
  "minecraft:item": {
    "description": {
      "identifier": "minecraft:wind_charge",
      "category": "Items"
    },
    "components": {
      "minecraft:icon": {
        "texture": "wind_charge"
      },
      "minecraft:projectile": {
        "projectile_entity": "wind_charge_projectile"
      },
      "minecraft:throwable": {
        "do_swing_animation": true,
        "launch_power_scale": 1.5,
        "max_launch_power": 1.5,
        "default_offset_scale": 0.8,
        "inside_block_offset_scale": 0.05
      },
      "minecraft:cooldown": {
        "category": "wind_charge",
        "duration": 0.5
      },
      "minecraft:display_name": {
        "value": "item.wind_charge.name"
      }
    }
  }
}
