{
  "format_version": "1.20.10",
  "minecraft:recipe_shaped": {
    "description": {
    "identifier": "minecraft:birch_planks_from_stripped_wood"
    },

    
    "tags": [ "crafting_table" ],
    "group": "planks",
    "pattern": [
      "#"
    ],
    "key": {
      "#": {
        "item": "minecraft:stripped_birch_wood"
      }
    },
	"unlock": [
      {
        "item": "minecraft:stripped_birch_wood"
      }
    ],
    "result": {
      "item": "minecraft:birch_planks",
      "count": 4
    }
  }
}
